year,ISO3,ADM0_NAME,ADM0_PCODE,ADM1_NAME,ADM1_PCODE,ADM2_NAME,ADM2_PCODE,F_TL,M_TL,T_TL,F_00_04,F_05_09,F_10_14,F_15_19,F_20_24,F_25_29,F_30_34,F_35_39,F_40_44,F_45_49,F_50_54,F_55_59,F_60_64,F_65_69,F_70_74,F_75_79,F_80Plus,M_00_04,M_05_09,M_10_14,M_15_19,M_20_24,M_25_29,M_30_34,M_35_39,M_40_44,M_45_49,M_50_54,M_55_59,M_60_64,M_65_69,M_70_74,M_75_79,M_80Plus,T_00_04,T_05_09,T_10_14,T_15_19,T_20_24,T_25_29,T_30_34,T_35_39,T_40_44,T_45_49,T_50_54,T_55_59,T_60_64,T_65_69,T_70_74,T_75_79,T_80Plus
2025,PHL,Philippines,PH,AUTONOMOUS REGION IN MUSLIM MINDANAO (ARMM),PH150000000,Basilan,PH150700000,215817,216989,432806,29285,26910,24058,21019,20712,19805,16752,12112,10042,9107,7740,6321,4801,3052,2014,1213,874,30949,28351,25280,22110,21458,20174,16488,10954,8896,8358,7220,6103,4589,2841,1733,889,596,60234,55261,49338,43129,42170,39979,33240,23066,18938,17465,14960,12424,9390,5893,3747,2102,1470
2025,PHL,Philippines,PH,AUTONOMOUS REGION IN MUSLIM MINDANAO (ARMM),PH150000000,Lanao del Sur,PH153600000,641491,618876,1260367,83805,77433,69685,62893,62739,60555,51138,36650,30788,29091,24653,19537,14353,8383,5096,2851,1841,88541,81536,73144,60688,59763,56783,46519,30596,25382,24962,21869,18572,13710,8053,4792,2464,1502,172346,158969,142829,123581,122502,117338,97657,67246,56170,54053,46522,38109,28063,16436,9888,5315,3343
2025,PHL,Philippines,PH,AUTONOMOUS REGION IN MUSLIM MINDANAO (ARMM),PH150000000,Maguindanao,PH153800000,737178,758543,1495721,95167,88725,80592,70679,70471,68529,58454,40933,35109,35420,30435,23581,17316,10132,6125,3385,2125,100551,93540,84870,76169,76076,73432,60498,38544,31858,31790,28048,24216,17925,10226,5953,3033,1814,195718,182265,165462,146848,146547,141961,118952,79477,66967,67210,58483,47797,35241,20358,12078,6418,3939
2025,PHL,Philippines,PH,AUTONOMOUS REGION IN MUSLIM MINDANAO (ARMM),PH150000000,Sulu,PH156600000,515736,499120,1014856,65262,61787,57029,45648,46961,46805,42077,29550,25141,25020,21889,18516,13864,7947,4632,2321,1287,68953,64876,59786,44152,45319,44769,39464,25336,20991,21278,19138,17067,12902,7662,4392,1991,1044,134215,126663,116815,89800,92280,91574,81541,54886,46132,46298,41027,35583,26766,15609,9024,4312,2331
2025,PHL,Philippines,PH,AUTONOMOUS REGION IN MUSLIM MINDANAO (ARMM),PH150000000,Tawi-Tawi,PH157000000,215776,215993,431769,26946,25454,23899,21035,20241,18887,16301,12879,11298,10793,9162,7095,5227,3173,1904,941,541,28471,26811,25052,21162,20673,19502,16254,11356,9784,9843,8591,6986,5140,3205,1874,841,448,55417,52265,48951,42197,40914,38389,32555,24235,21082,20636,17753,14081,10367,6378,3778,1782,989
2025,PHL,Philippines,PH,CORDILLERA ADMINISTRATIVE REGION (CAR),PH140000000,Abra,PH140100000,123526,128544,252070,11100,10952,10757,11768,11314,9679,9517,8466,7484,6498,5493,5151,4592,3919,2862,1919,2055,11737,11388,11203,12458,12673,11148,10490,9041,8132,6976,5673,5098,4300,3407,2345,1340,1135,22837,22340,21960,24226,23987,20827,20007,17507,15616,13474,11166,10249,8892,7326,5207,3259,3190
2025,PHL,Philippines,PH,CORDILLERA ADMINISTRATIVE REGION (CAR),PH140000000,Apayao,PH148100000,62184,65414,127598,6853,6629,6304,5753,5391,5361,4771,3889,3378,3026,2683,2265,2009,1592,1010,660,610,7237,6889,6553,6112,6086,5959,5279,4173,3582,3279,2852,2390,1890,1375,871,491,396,14090,13518,12857,11865,11477,11320,10050,8062,6960,6305,5535,4655,3899,2967,1881,1151,1006
2025,PHL,Philippines,PH,CORDILLERA ADMINISTRATIVE REGION (CAR),PH140000000,Benguet,PH141100000,444862,447738,892600,37876,37777,36860,37311,41329,39217,40911,38003,30114,23662,19282,18096,15552,11915,7850,4738,4369,40056,39200,38045,38025,44921,41640,41132,37233,30364,24223,19311,16929,13588,10221,6574,3616,2660,77932,76977,74905,75336,86250,80857,82043,75236,60478,47885,38593,35025,29140,22136,14424,8354,7029
2025,PHL,Philippines,PH,CORDILLERA ADMINISTRATIVE REGION (CAR),PH140000000,Ifugao,PH142700000,105685,111204,216889,11884,11677,11029,9909,9068,8692,8802,7458,5790,4743,3800,3565,3129,2514,1612,973,1040,12570,12127,11461,10484,10312,9571,9255,8019,6535,5301,4291,3579,2879,2060,1413,724,623,24454,23804,22490,20393,19380,18263,18057,15477,12325,10044,8091,7144,6008,4574,3025,1697,1663
2025,PHL,Philippines,PH,CORDILLERA ADMINISTRATIVE REGION (CAR),PH140000000,Kalinga,PH143200000,110155,116034,226189,12332,12023,11299,10093,9518,9198,9064,7391,5745,4993,4399,3954,3327,2771,1811,1152,1085,13030,12465,11717,11028,11080,10396,9499,7924,6401,5397,4578,3960,3162,2265,1553,888,691,25362,24488,23016,21121,20598,19594,18563,15315,12146,10390,8977,7914,6489,5036,3364,2040,1776
2025,PHL,Philippines,PH,CORDILLERA ADMINISTRATIVE REGION (CAR),PH140000000,Mountain Province,PH144400000,77182,81753,158935,8480,8334,7874,7088,6665,6217,6346,5429,4152,3453,2919,2645,2333,1991,1312,907,1037,8970,8697,8243,7488,7653,7194,6914,5899,4540,3768,3123,2827,2302,1716,1180,645,594,17450,17031,16117,14576,14318,13411,13260,11328,8692,7221,6042,5472,4635,3707,2492,1552,1631
2025,PHL,Philippines,PH,MIMAROPA REGION,PH170000000,Marinduque,PH174000000,122167,126002,248169,13876,13361,12325,10545,9953,10518,9030,6195,5462,5412,5304,5034,4310,3826,2910,2107,1999,14665,14206,13109,10969,10290,11120,9862,6977,5707,5778,5336,5040,4120,3511,2470,1618,1224,28541,27567,25434,21514,20243,21638,18892,13172,11169,11190,10640,10074,8430,7337,5380,3725,3223
2025,PHL,Philippines,PH,MIMAROPA REGION,PH170000000,Occidental Mindoro,PH175100000,259908,276860,536768,30821,30552,29130,24077,20892,20551,19131,15534,13559,12002,10912,9527,7772,6086,4115,2845,2402,32571,32929,31645,26875,21197,20555,20203,16982,15023,13516,12413,10460,8426,6211,3920,2285,1649,63392,63481,60775,50952,42089,41106,39334,32516,28582,25518,23325,19987,16198,12297,8035,5130,4051
2025,PHL,Philippines,PH,MIMAROPA REGION,PH170000000,Oriental Mindoro,PH175200000,465475,480699,946174,52172,51758,49421,41580,37192,38696,35302,27969,24310,22255,20105,17713,14748,12293,8715,5861,5385,55198,55116,52597,43081,38454,39570,37373,29428,24987,23468,21176,18318,14890,11219,7685,4501,3638,107370,106874,102018,84661,75646,78266,72675,57397,49297,45723,41281,36031,29638,23512,16400,10362,9023
2025,PHL,Philippines,PH,MIMAROPA REGION,PH170000000,Palawan,PH175300000,633986,669597,1303583,73710,71231,66587,60591,55689,54031,50008,39354,34033,28917,25447,21564,18236,14023,9350,6059,5156,77911,76460,71821,62188,55677,54248,50612,42450,37137,33119,29052,24416,20422,15090,9385,5588,4021,151621,147691,138408,122779,111366,108279,100620,81804,71170,62036,54499,45980,38658,29113,18735,11647,9177
2025,PHL,Philippines,PH,MIMAROPA REGION,PH170000000,Romblon,PH175900000,151049,157088,308137,17894,17272,15928,13209,12301,12923,11178,8222,6722,6145,6031,5887,5141,4264,3111,2263,2558,18915,18355,16935,13760,12980,13725,12533,9045,7179,6555,6487,6124,5118,3890,2512,1529,1446,36809,35627,32863,26969,25281,26648,23711,17267,13901,12700,12518,12011,10259,8154,5623,3792,4004
2025,PHL,Philippines,PH,NATIONAL CAPITAL REGION (NCR),PH130000000,National Capital Region,PH130000000,7362023,7159634,14521657,566770,609236,640927,550450,556668,561377,583868,584562,556968,486644,408741,361932,299557,238397,161033,104329,90564,599057,642628,673968,564949,590717,588794,562297,546321,517584,467146,388434,327967,257223,194202,122391,70819,45137,1165827,1251864,1314895,1115399,1147385,1150171,1146165,1130883,1074552,953790,797175,689899,556780,432599,283424,175148,135701
2025,PHL,Philippines,PH,REGION I (ILOCOS REGION),PH010000000,Ilocos Norte,PH012800000,312510,315690,628200,22477,23200,24031,26528,23975,23354,24030,23309,21679,19353,17203,15855,13400,10963,8735,6371,8047,23846,24694,25647,28616,25855,25134,24727,23520,22548,19971,17891,16099,12864,9646,6501,4005,4126,46323,47894,49678,55144,49830,48488,48757,46829,44227,39324,35094,31954,26264,20609,15236,10376,12173
2025,PHL,Philippines,PH,REGION I (ILOCOS REGION),PH010000000,Ilocos Sur,PH012900000,366001,369052,735053,27096,28960,30039,30945,27642,27035,28621,26381,25640,22438,19379,17644,15549,12592,9916,7140,8984,28659,30723,31915,33062,29702,28083,29376,27245,25768,23457,20047,18199,15097,11331,7588,4555,4245,55755,59683,61954,64007,57344,55118,57997,53626,51408,45895,39426,35843,30646,23923,17504,11695,13229
2025,PHL,Philippines,PH,REGION I (ILOCOS REGION),PH010000000,La Union,PH013300000,426808,432753,859561,32986,34429,35023,36748,33675,33688,33813,30625,28296,24918,21978,20401,17879,14854,10938,8123,8434,34886,36610,37221,38870,35920,35904,35523,31707,29188,25841,22534,20554,16943,13091,8579,5220,4162,67872,71039,72244,75618,69595,69592,69336,62332,57484,50759,44512,40955,34822,27945,19517,13343,12596
2025,PHL,Philippines,PH,REGION I (ILOCOS REGION),PH010000000,Pangasinan,PH015500000,1598969,1636280,3235249,160462,164885,164395,138413,123821,122547,118168,102405,92288,83003,74940,66731,55174,44897,33900,26463,26477,169869,175505,175377,148165,132423,128255,124017,105960,93925,85087,76875,68101,54232,40884,27177,17268,13160,330331,340390,339772,286578,256244,250802,242185,208365,186213,168090,151815,134832,109406,85781,61077,43731,39637
2025,PHL,Philippines,PH,REGION II (CAGAYAN VALLEY),PH020000000,Batanes,PH020900000,9186,9385,18571,1067,1041,998,731,715,766,580,459,435,420,477,363,340,244,206,144,200,1131,1101,1055,728,738,763,649,506,471,490,455,410,323,213,159,96,97,2198,2142,2053,1459,1453,1529,1229,965,906,910,932,773,663,457,365,240,297
2025,PHL,Philippines,PH,REGION II (CAGAYAN VALLEY),PH020000000,Cagayan,PH021500000,656300,674099,1330399,57860,60014,60057,53734,50905,52691,52749,45462,39550,36545,32614,29278,26787,22113,15952,9929,10060,61264,63509,63530,57329,55218,56750,55921,47893,41102,37285,33755,29615,25833,19868,12806,6799,5622,119124,123523,123587,111063,106123,109441,108670,93355,80652,73830,66369,58893,52620,41981,28758,16728,15682
2025,PHL,Philippines,PH,REGION II (CAGAYAN VALLEY),PH020000000,Isabela,PH023100000,864095,892566,1756661,77945,81480,82388,71522,66211,66457,68269,60931,52934,49778,44181,39594,34053,26828,18947,11847,10730,82517,86179,87281,76438,72151,71092,71867,63794,54721,51707,45782,40292,33576,25004,15634,8473,6058,160462,167659,169669,147960,138362,137549,140136,124725,107655,101485,89963,79886,67629,51832,34581,20320,16788
2025,PHL,Philippines,PH,REGION II (CAGAYAN VALLEY),PH020000000,Nueva Vizcaya,PH025000000,249726,256989,506715,23797,24363,24239,22305,20030,19279,19435,17243,15098,13352,11734,10655,9304,7389,5259,3283,2961,25218,25771,25651,22444,21145,20537,19825,17646,16028,14432,12522,11127,9088,6977,4419,2451,1708,49015,50134,49890,44749,41175,39816,39260,34889,31126,27784,24256,21782,18392,14366,9678,5734,4669
2025,PHL,Philippines,PH,REGION II (CAGAYAN VALLEY),PH020000000,Quirino,PH025700000,100319,104479,204798,10413,10629,10438,8054,7586,7668,8248,6878,5971,5456,4733,3878,3513,2837,1855,1111,1051,11027,11352,11177,8636,8303,8185,8231,7229,6278,5738,4906,4200,3393,2672,1702,832,618,21440,21981,21615,16690,15889,15853,16479,14107,12249,11194,9639,8078,6906,5509,3557,1943,1669
2025,PHL,Philippines,PH,REGION III (CENTRAL LUZON),PH030000000,Aurora,PH037700000,115702,122135,237837,12129,11650,10800,10973,10281,10785,9545,7238,5941,5566,5195,4509,3588,2872,1969,1326,1335,12847,12508,11580,11555,10685,11095,10419,8120,6539,6064,5594,4865,3934,2774,1736,980,840,24976,24158,22380,22528,20966,21880,19964,15358,12480,11630,10789,9374,7522,5646,3705,2306,2175
2025,PHL,Philippines,PH,REGION III (CENTRAL LUZON),PH030000000,Bataan,PH030800000,444760,451924,896684,37513,38514,38778,37931,36951,36347,34959,32015,29188,26777,22326,20676,17377,14192,9973,6199,5044,39731,40949,41360,39777,39183,38629,36407,33227,29860,26986,22316,20120,16021,12291,7737,4462,2868,77244,79463,80138,77708,76134,74976,71366,65242,59048,53763,44642,40796,33398,26483,17710,10661,7912
2025,PHL,Philippines,PH,REGION III (CENTRAL LUZON),PH030000000,Bulacan,PH031400000,1951439,1972387,3923826,158555,163234,164859,172271,159678,160354,153215,138544,130231,121497,105269,94929,75165,58422,41251,28020,25945,167878,173755,176181,180972,170330,167606,157659,141107,130402,122846,104933,92526,70369,51236,32415,18635,13537,326433,336989,341040,353243,330008,327960,310874,279651,260633,244343,210202,187455,145534,109658,73666,46655,39482
2025,PHL,Philippines,PH,REGION III (CENTRAL LUZON),PH030000000,Nueva Ecija,PH034900000,1273030,1309665,2582695,108350,111501,112174,109655,103490,101512,100449,88323,79737,74448,66450,61496,50145,39452,27621,18472,19755,114656,118700,119990,116317,112505,108689,106028,92410,82723,76764,67820,61816,48981,35995,22465,12755,11051,223006,230201,232164,225972,215995,210201,206477,180733,162460,151212,134270,123312,99126,75447,50086,31227,30806
2025,PHL,Philippines,PH,REGION III (CENTRAL LUZON),PH030000000,Pampanga,PH035400000,1545251,1570535,3115786,126504,129605,130596,135231,131048,128448,122294,112187,101974,93117,81106,72972,57437,44934,32101,23253,22444,133888,137691,139194,142124,137683,133954,124908,114408,102097,95278,83128,74254,55895,41165,26115,16251,12502,260392,267296,269790,277355,268731,262402,247202,226595,204071,188395,164234,147226,113332,86099,58216,39504,34946
2025,PHL,Philippines,PH,REGION III (CENTRAL LUZON),PH030000000,Tarlac,PH036900000,754603,778521,1533124,61481,64269,66031,69513,60682,58024,57783,52935,48349,44250,40179,36464,29622,23437,17120,12331,12133,65080,65707,65394,73434,74884,75333,68428,55029,46711,43078,38862,34007,26379,19459,12576,7818,6342,126561,129976,131425,142947,135566,133357,126211,107964,95060,87328,79041,70471,56001,42896,29696,20149,18475
2025,PHL,Philippines,PH,REGION III (CENTRAL LUZON),PH030000000,Zambales,PH037100000,467514,482204,949718,41696,41914,41299,41914,39000,40326,37314,33743,28884,24914,21876,20215,16921,13708,9970,7212,6608,44219,44661,44052,43959,41870,42482,39086,36332,30258,25861,23439,20647,16593,12346,7937,4933,3529,85915,86575,85351,85873,80870,82808,76400,70075,59142,50775,45315,40862,33514,26054,17907,12145,10137
2025,PHL,Philippines,PH,REGION IV-A (CALABARZON),PH040000000,Batangas,PH041000000,1705945,1717098,3423043,148445,150027,149765,151733,144251,141568,134003,116795,110824,100161,87090,76246,59921,48648,36017,25420,25031,157064,159157,159107,159393,151620,147771,136459,118150,109844,100246,87550,74510,56660,42825,27838,16305,12599,305509,309184,308872,311126,295871,289339,270462,234945,220668,200407,174640,150756,116581,91473,63855,41725,37630
2025,PHL,Philippines,PH,REGION IV-A (CALABARZON),PH040000000,Cavite,PH042100000,2338516,2300975,4639491,189736,196533,199737,202515,190578,191268,184684,175866,165713,151670,126678,110378,87450,66340,44826,28822,25722,200826,208900,212505,211084,199646,195172,180947,169109,155691,143952,121206,102726,78643,55610,33702,18525,12731,390562,405433,412242,413599,390224,386440,365631,344975,321404,295622,247884,213104,166093,121950,78528,47347,38453
2025,PHL,Philippines,PH,REGION IV-A (CALABARZON),PH040000000,Laguna,PH043400000,1805344,1778250,3583594,146571,152302,155578,149800,150723,146388,143385,138426,130501,117668,93838,81931,67076,52724,36681,22075,19677,155119,161609,164830,155312,156371,150361,140480,131969,122599,113287,91590,77775,59674,44733,28129,14546,9866,301690,313911,320408,305112,307094,296749,283865,270395,253100,230955,185428,159706,126750,97457,64810,36621,29543
2025,PHL,Philippines,PH,REGION IV-A (CALABARZON),PH040000000,Quezon,PH045600000,1162698,1204517,2367215,117791,116231,112370,109139,96701,97791,88482,72839,63423,59177,53364,49296,40967,32993,23230,14624,14280,124650,123411,119646,115596,105271,105554,94903,76832,65993,61584,54840,49924,40066,30056,18703,9848,7640,242441,239642,232016,224735,201972,203345,183385,149671,129416,120761,108204,99220,81033,63049,41933,24472,21920
2025,PHL,Philippines,PH,REGION IV-A (CALABARZON),PH040000000,Rizal,PH045800000,1733447,1730779,3464226,148882,151638,151745,153813,144451,144653,138296,124149,116925,106707,90528,78742,62929,49659,33575,20217,16538,157581,160951,161047,160533,151242,149218,137931,121660,113068,105211,89230,74463,57528,42044,26124,13952,8996,306463,312589,312792,314346,295693,293871,276227,245809,229993,211918,179758,153205,120457,91703,59699,34169,25534
2025,PHL,Philippines,PH,REGION IX (ZAMBOANGA PENINSULA),PH090000000,CITY OF ISABELA (Not a Province),PH099700000,70253,69467,139720,7261,7214,6925,6499,5889,6121,5949,4774,4165,3393,3085,2656,2206,1668,1197,720,531,7679,7614,7289,6584,6235,6293,5445,4508,3874,3185,2941,2483,2025,1528,949,524,311,14940,14828,14214,13083,12124,12414,11394,9282,8039,6578,6026,5139,4231,3196,2146,1244,842
2025,PHL,Philippines,PH,REGION IX (ZAMBOANGA PENINSULA),PH090000000,ZAMBOANGA DEL NORTE,PH097200000,524184,550677,1074861,53298,51700,49034,51874,46322,46450,41553,32554,26881,24556,23816,21477,18255,14079,10083,6401,5851,56400,54666,51849,53735,50381,50708,46511,35965,29340,26193,24515,22168,18183,13284,8562,4713,3504,109698,106366,100883,105609,96703,97158,88064,68519,56221,50749,48331,43645,36438,27363,18645,11114,9355
2025,PHL,Philippines,PH,REGION IX (ZAMBOANGA PENINSULA),PH090000000,ZAMBOANGA DEL SUR,PH097300000,975068,995994,1971062,96240,94766,91072,94801,85002,83768,81925,64982,53712,49154,44901,39123,32514,25596,17514,11021,8977,101867,100232,96286,97140,90236,87859,83475,66082,55320,50431,44704,38909,31575,23558,15166,8074,5080,198107,194998,187358,191941,175238,171627,165400,131064,109032,99585,89605,78032,64089,49154,32680,19095,14057
2025,PHL,Philippines,PH,REGION IX (ZAMBOANGA PENINSULA),PH090000000,ZAMBOANGA SIBUGAY,PH098300000,350229,365657,715886,39481,37888,35320,34200,31625,30386,29093,22293,17926,15367,14384,12738,10382,8022,5261,3181,2682,41773,40054,37342,35275,33098,32160,30873,24074,19181,16918,14893,13106,10405,7522,4783,2501,1699,81254,77942,72662,69475,64723,62546,59966,46367,37107,32285,29277,25844,20787,15544,10044,5682,4381
2025,PHL,Philippines,PH,REGION V (BICOL REGION),PH050000000,Albay,PH050500000,719117,740257,1459374,74693,72106,67883,65493,63790,62059,56618,43416,36694,33842,30657,28642,24427,20433,15610,11475,11279,79005,76227,71724,70203,68163,66682,61323,46964,39128,35142,30782,28374,23157,17481,12313,7729,5860,153698,148333,139607,135696,131953,128741,117941,90380,75822,68984,61439,57016,47584,37914,27923,19204,17139
2025,PHL,Philippines,PH,REGION V (BICOL REGION),PH050000000,Camarines Norte,PH051600000,319800,333524,653324,36443,33972,31431,31303,29198,28451,23740,18095,15354,14211,13060,12420,10197,8085,5929,4079,3832,38547,35656,33042,31593,32338,31678,26247,20279,15930,14947,13392,12619,9992,7574,4798,2847,2045,74990,69628,64473,62896,61536,60129,49987,38374,31284,29158,26452,25039,20189,15659,10727,6926,5877
2025,PHL,Philippines,PH,REGION V (BICOL REGION),PH050000000,Camarines Sur,PH051700000,1050761,1092348,2143109,122804,115384,106320,99777,96159,91196,78102,59852,49702,46081,41124,37927,32075,26472,19944,14211,13631,129951,122061,112490,105803,102992,97889,86332,67146,53853,48400,41552,37439,30555,23236,15821,9436,7392,252755,237445,218810,205580,199151,189085,164434,126998,103555,94481,82676,75366,62630,49708,35765,23647,21023
2025,PHL,Philippines,PH,REGION V (BICOL REGION),PH050000000,Catanduanes,PH052000000,137701,144615,282316,17061,15792,14249,12501,12297,12311,10394,7393,6111,5636,5166,4947,4138,3218,2477,1854,2156,18051,16632,15004,13320,13578,13550,11877,8376,6624,5933,5324,5037,4052,2988,1940,1209,1120,35112,32424,29253,25821,25875,25861,22271,15769,12735,11569,10490,9984,8190,6206,4417,3063,3276
2025,PHL,Philippines,PH,REGION V (BICOL REGION),PH050000000,Masbate,PH054100000,474801,497414,972215,59379,53286,47161,50875,46486,44412,33874,23083,19428,18777,17862,16096,13511,11124,8115,5415,5917,62836,56382,49962,53740,50362,48259,38831,25872,21307,19740,18292,15996,12912,9832,6380,3621,3090,122215,109668,97123,104615,96848,92671,72705,48955,40735,38517,36154,32092,26423,20956,14495,9036,9007
2025,PHL,Philippines,PH,REGION V (BICOL REGION),PH050000000,Sorsogon,PH056200000,435779,451573,887352,53644,49789,45135,40414,38609,38813,32509,22337,19063,18438,17313,16113,13359,10586,7825,5806,6026,56757,52656,47705,40790,41439,41728,36431,25099,20089,19407,17512,16148,12980,9511,6228,3858,3235,110401,102445,92840,81204,80048,80541,68940,47436,39152,37845,34825,32261,26339,20097,14053,9664,9261
2025,PHL,Philippines,PH,REGION VI (WESTERN VISAYAS),PH060000000,Aklan,PH060400000,310303,319019,629322,29347,29245,28233,27232,25574,25805,25381,21695,18332,15623,13668,12704,10938,9153,6800,5025,5548,31069,31017,30031,27390,27762,28495,27308,22958,19429,16705,14102,12732,10201,7845,5529,3486,2960,60416,60262,58264,54622,53336,54300,52689,44653,37761,32328,27770,25436,21139,16998,12329,8511,8508
2025,PHL,Philippines,PH,REGION VI (WESTERN VISAYAS),PH060000000,Antique,PH060600000,311328,324895,636223,34320,34898,34121,25792,22787,24865,24095,20764,16803,13864,12215,11934,10424,8390,6300,4578,5178,36331,35939,33958,27223,26040,27039,26975,22753,18175,15776,13772,12019,10203,7704,5111,2998,2879,70651,70837,68079,53015,48827,51904,51070,43517,34978,29640,25987,23953,20627,16094,11411,7576,8057
2025,PHL,Philippines,PH,REGION VI (WESTERN VISAYAS),PH060000000,Capiz,PH061900000,420000,428721,848721,35859,35302,33653,37259,36250,37547,36018,28168,23566,21365,19657,18913,16596,13959,10763,7298,7827,37952,37466,35815,37544,38139,39946,38708,30935,25723,22879,20291,18403,15852,11902,8333,4748,4085,73811,72768,69468,74803,74389,77493,74726,59103,49289,44244,39948,37316,32448,25861,19096,12046,11912
2025,PHL,Philippines,PH,REGION VI (WESTERN VISAYAS),PH060000000,Guimaras,PH067900000,94260,99062,193322,8490,8476,8243,8388,7741,7822,7673,6492,5702,4896,4434,4047,3591,2948,2191,1488,1638,8983,9020,8806,8774,8314,8571,8268,7479,6332,5510,4775,4181,3521,2715,1830,1045,938,17473,17496,17049,17162,16055,16393,15941,13971,12034,10406,9209,8228,7112,5663,4021,2533,2576
2025,PHL,Philippines,PH,REGION VI (WESTERN VISAYAS),PH060000000,Iloilo,PH063000000,1304279,1327256,2631535,110998,112490,111169,114162,106926,104035,103965,92734,79475,69819,61799,58346,51622,43307,33194,23868,26370,117503,119251,118089,120791,113818,111453,108865,98784,84197,73843,63490,57179,48224,37273,25616,15379,13501,228501,231741,229258,234953,220744,215488,212830,191518,163672,143662,125289,115525,99846,80580,58810,39247,39871
2025,PHL,Philippines,PH,REGION VI (WESTERN VISAYAS),PH060000000,Negros Occidental,PH064500000,1602506,1660070,3262576,153221,151313,145473,145053,136248,133748,131000,103556,86020,77924,74276,68403,59922,50041,37276,24050,24982,162181,160447,154723,153868,145803,144497,141145,115507,94692,84085,74898,68264,57061,43128,29694,16417,13660,315402,311760,300196,298921,282051,278245,272145,219063,180712,162009,149174,136667,116983,93169,66970,40467,38642
2025,PHL,Philippines,PH,REGION VII (CENTRAL VISAYAS),PH070000000,Bohol,PH071200000,687792,717429,1405221,73227,71858,69278,60269,57839,55386,50023,40825,35071,32067,30410,27945,24689,20205,15021,11077,12602,77502,76007,73273,65070,64208,60873,56161,44915,36931,33758,31371,27974,23360,18213,12269,8003,7541,150729,147865,142551,125339,122047,116259,106184,85740,72002,65825,61781,55919,48049,38418,27290,19080,20143
2025,PHL,Philippines,PH,REGION VII (CENTRAL VISAYAS),PH070000000,Cebu,PH072200000,2693547,2743285,5436832,240663,246978,247070,234633,226818,215246,219291,197051,172491,151479,130672,113367,95900,75992,56371,36166,33359,254617,261169,260799,247222,242773,229754,225355,200275,176026,153964,131390,111554,90833,67394,45225,25763,19172,495280,508147,507869,481855,469591,445000,444646,397326,348517,305443,262062,224921,186733,143386,101596,61929,52531
2025,PHL,Philippines,PH,REGION VII (CENTRAL VISAYAS),PH070000000,Negros Oriental,PH074600000,709084,736702,1445786,68829,67178,64203,66033,61166,62386,57895,43056,36442,33759,32341,30188,27237,21879,16401,10078,10013,72818,71041,67791,66587,66123,68005,65063,48257,39549,35766,32662,29759,26168,19833,13860,7460,5960,141647,138219,131994,132620,127289,130391,122958,91313,75991,69525,65003,59947,53405,41712,30261,17538,15973
2025,PHL,Philippines,PH,REGION VII (CENTRAL VISAYAS),PH070000000,Siquijor,PH076100000,51018,52850,103868,4712,4895,4858,4096,3811,3978,4028,3234,2877,2621,2489,2246,2051,1703,1354,955,1110,4989,5225,5156,4266,4133,4200,4407,3731,3173,2842,2582,2276,1949,1520,1078,674,649,9701,10120,10014,8362,7944,8178,8435,6965,6050,5463,5071,4522,4000,3223,2432,1629,1759
2025,PHL,Philippines,PH,REGION VIII (EASTERN VISAYAS),PH080000000,Biliran,PH087800000,90263,95126,185389,10202,9493,8423,8069,7930,8847,7181,5283,4235,3953,3603,3411,2878,2341,1730,1303,1381,10787,10154,9044,9001,8430,9132,8581,5888,4570,4047,3810,3399,2853,2162,1482,982,804,20989,19647,17467,17070,16360,17979,15762,11171,8805,8000,7413,6810,5731,4503,3212,2285,2185
2025,PHL,Philippines,PH,REGION VIII (EASTERN VISAYAS),PH080000000,Eastern Samar,PH082600000,263346,280493,543839,31359,29428,26359,23966,23186,24189,20118,14411,11842,11165,10467,9597,8104,6671,4724,3614,4146,33164,31059,27845,25475,25428,26343,23420,16739,13385,12072,11235,9979,8321,6281,4226,2899,2622,64523,60487,54204,49441,48614,50532,43538,31150,25227,23237,21702,19576,16425,12952,8950,6513,6768
2025,PHL,Philippines,PH,REGION VIII (EASTERN VISAYAS),PH080000000,Leyte,PH083700000,1120820,1177551,2298371,118739,114127,106568,106195,97957,98375,87160,66245,55971,51258,47105,44056,38245,32144,23458,16462,16755,125591,120462,112284,111290,105089,106986,98263,74701,61587,55358,49550,45070,38825,30596,20378,12238,9283,244330,234589,218852,217485,203046,205361,185423,140946,117558,106616,96655,89126,77070,62740,43836,28700,26038
2025,PHL,Philippines,PH,REGION VIII (EASTERN VISAYAS),PH080000000,Northern Samar,PH084800000,340854,356808,697662,43807,39834,34986,32697,32430,32110,25549,17901,14380,13468,12909,11114,9281,7239,5263,3931,3955,46312,42031,36885,34318,34499,34547,28524,20011,15739,14038,13089,11293,8906,6703,4550,2931,2432,90119,81865,71871,67015,66929,66657,54073,37912,30119,27506,25998,22407,18187,13942,9813,6862,6387
2025,PHL,Philippines,PH,REGION VIII (EASTERN VISAYAS),PH080000000,Samar (Western Samar),PH086000000,414124,440753,854877,51019,46913,41874,39692,38524,38420,30678,21340,18031,17135,16538,14851,11923,9670,6877,5288,5351,53954,49467,44136,41988,41947,42243,35965,24657,19866,18319,17743,15562,12257,9259,6165,3858,3367,104973,96380,86010,81680,80471,80663,66643,45997,37897,35454,34281,30413,24180,18929,13042,9146,8718
2025,PHL,Philippines,PH,REGION VIII (EASTERN VISAYAS),PH080000000,Southern Leyte,PH086400000,229897,239191,469088,23362,22765,21528,19669,19285,19624,17434,13646,11656,11175,10036,10025,8805,7152,5283,3997,4455,24717,24038,22719,20624,20652,21145,19657,15289,12322,11729,10611,9948,8663,6690,4563,3085,2739,48079,46803,44247,40293,39937,40769,37091,28935,23978,22904,20647,19973,17468,13842,9846,7082,7194
2025,PHL,Philippines,PH,REGION X (NORTHERN MINDANAO),PH100000000,Bukidnon,PH101300000,765789,818457,1584246,73885,73501,70464,76159,68218,63946,64862,54293,43764,38877,34497,30192,25093,19948,13362,7740,6988,78159,75502,71623,79092,78551,76163,73502,61730,48362,42520,36219,31316,24737,18584,11791,6158,4448,152044,149003,142087,155251,146769,140109,138364,116023,92126,81397,70716,61508,49830,38532,25153,13898,11436
2025,PHL,Philippines,PH,REGION X (NORTHERN MINDANAO),PH100000000,Camiguin,PH101800000,46821,48654,95475,4765,4642,4468,4315,3913,3768,3606,2721,2267,2254,2167,2029,1800,1385,1072,759,890,5041,4774,4541,4536,4531,4411,3977,3082,2398,2261,2097,2034,1780,1316,850,551,474,9806,9416,9009,8851,8444,8179,7583,5803,4665,4515,4264,4063,3580,2701,1922,1310,1364
2025,PHL,Philippines,PH,REGION X (NORTHERN MINDANAO),PH100000000,Lanao del Norte,PH103500000,574959,580445,1155404,59623,58343,55930,57733,51740,48019,46267,37658,31741,28119,25083,22597,18147,13796,9445,5745,4973,63060,59852,56580,57694,57499,55087,48161,36868,30030,26886,23561,21186,16875,12326,7893,4141,2746,122683,118195,112510,115427,109239,103106,94428,74526,61771,55005,48644,43783,35022,26122,17338,9886,7719
2025,PHL,Philippines,PH,REGION X (NORTHERN MINDANAO),PH100000000,Misamis Occidental,PH104200000,317986,328326,646312,30376,30828,30567,28387,24964,24431,24341,20306,16867,16207,15374,14449,12542,10130,7534,5111,5572,32131,31681,31042,29812,29326,29190,27080,21559,17225,16624,15126,14476,11857,8880,5951,3461,2905,62507,62509,61609,58199,54290,53621,51421,41865,34092,32831,30500,28925,24399,19010,13485,8572,8477
2025,PHL,Philippines,PH,REGION X (NORTHERN MINDANAO),PH100000000,Misamis Oriental,PH104300000,886207,905960,1792167,80227,81775,80956,77868,73030,70254,72664,64868,53408,48632,42739,38766,33330,26890,18812,11521,10467,84900,83927,81841,80471,84707,80808,76148,66318,53523,48464,42306,37377,31365,24025,15728,8321,5731,165127,165702,162797,158339,157737,151062,148812,131186,106931,97096,85045,76143,64695,50915,34540,19842,16198
2025,PHL,Philippines,PH,REGION XI (DAVAO REGION),PH110000000,Compostela Valley,PH118200000,387948,415628,803576,40051,39878,38182,33569,33073,32923,33005,27422,21615,18516,17277,15796,12690,9814,6566,3947,3624,42402,41296,39092,37458,40334,35696,34541,29939,23798,20933,18576,16766,13294,9443,5972,3492,2596,82453,81174,77274,71027,73407,68619,67546,57361,45413,39449,35853,32562,25984,19257,12538,7439,6220
2025,PHL,Philippines,PH,REGION XI (DAVAO REGION),PH110000000,Davao del Norte,PH112300000,532531,554573,1087104,50797,52667,52703,45939,42047,40879,43258,39812,33059,29138,24969,21933,18522,14985,10578,6004,5241,53740,54360,53698,50595,52120,45426,42730,39602,34062,30341,26012,22178,17995,13754,9149,5182,3629,104537,107027,106401,96534,94167,86305,85988,79414,67121,59479,50981,44111,36517,28739,19727,11186,8870
2025,PHL,Philippines,PH,REGION XI (DAVAO REGION),PH110000000,Davao del Sur,PH112400000,1386781,1423794,2810575,133643,134952,134492,124227,116759,109848,110416,98421,83060,73465,64944,56742,47791,39157,27528,16852,14484,141423,145906,146358,121233,109972,113439,113783,106507,90478,80771,69145,57401,46020,35769,23843,12860,8886,275066,280858,280850,245460,226731,223287,224199,204928,173538,154236,134089,114143,93811,74926,51371,29712,23370
2025,PHL,Philippines,PH,REGION XI (DAVAO REGION),PH110000000,Davao Occidental,PH118600000,175910,180608,356518,16952,17118,17060,15758,14811,13934,14006,12485,10536,9319,8238,7198,6063,4967,3491,2137,1837,17940,18509,18566,15378,13950,14390,14433,13510,11477,10246,8771,7281,5838,4537,3024,1631,1127,34892,35627,35626,31136,28761,28324,28439,25995,22013,19565,17009,14479,11901,9504,6515,3768,2964
2025,PHL,Philippines,PH,REGION XI (DAVAO REGION),PH110000000,Davao Oriental,PH112500000,307805,325605,633410,34860,34184,32522,28545,25290,25858,23211,18630,14731,14113,13046,12132,10285,7965,5454,3640,3339,36887,35239,33138,31730,30679,28625,24547,19837,16127,15092,13753,12428,10100,7411,4715,2985,2312,71747,69423,65660,60275,55969,54483,47758,38467,30858,29205,26799,24560,20385,15376,10169,6625,5651
2025,PHL,Philippines,PH,REGION XII (SOCCSKSARGEN),PH120000000,Cotabato (North Cotabato),PH124700000,806455,836873,1643328,86201,85245,81911,77682,69125,68118,65244,52441,44381,38233,35750,30917,25206,18321,12441,7923,7316,91193,90067,86386,78123,73407,72135,67638,56470,46894,41497,36953,31825,24512,17689,11086,6209,4789,177394,175312,168297,155805,142532,140253,132882,108911,91275,79730,72703,62742,49718,36010,23527,14132,12105
2025,PHL,Philippines,PH,REGION XII (SOCCSKSARGEN),PH120000000,COTABATO CITY (Not a Province),PH129800000,161445,155781,317226,16455,16840,16669,13874,13850,13659,13916,11308,10299,8473,8080,6134,4597,3090,1896,1297,1008,17397,17739,17475,13729,13901,13205,12310,10092,9000,7671,6878,5924,4432,2853,1622,972,581,33852,34579,34144,27603,27751,26864,26226,21400,19299,16144,14958,12058,9029,5943,3518,2269,1589
2025,PHL,Philippines,PH,REGION XIII (Caraga),PH160000000,Dinagat Islands,PH168500000,66052,67285,133337,6736,7183,6980,5446,4770,5181,5278,4589,3472,3003,2948,2685,2336,1909,1429,1062,1045,7115,7086,6796,5838,6213,6105,5800,4465,3559,3020,2800,2452,2056,1545,1080,716,639,13851,14269,13776,11284,10983,11286,11078,9054,7031,6023,5748,5137,4392,3454,2509,1778,1684
2025,PHL,Philippines,PH,REGION XII (SOCCSKSARGEN),PH120000000,Sarangani,PH128000000,298590,316338,614928,32649,31949,30211,30068,27143,25756,24098,18981,16050,14276,13120,10778,8518,6126,4015,2613,2239,34549,33669,31928,31734,29219,28197,25258,20981,17582,15507,13825,11505,8622,6165,3828,2157,1612,67198,65618,62139,61802,56362,53953,49356,39962,33632,29783,26945,22283,17140,12291,7843,4770,3851
2025,PHL,Philippines,PH,REGION XII (SOCCSKSARGEN),PH120000000,South Cotabato,PH126300000,863059,887750,1750809,82522,83847,82743,77371,73463,71369,71973,63169,51756,46738,40885,35579,28363,21526,14390,9186,8179,87290,88639,87270,81352,77862,74144,72162,65434,54399,49186,42305,36072,27384,19858,12429,6819,5145,169812,172486,170013,158723,151325,145513,144135,128603,106155,95924,83190,71651,55747,41384,26819,16005,13324
2025,PHL,Philippines,PH,REGION XII (SOCCSKSARGEN),PH120000000,Sultan Kudarat,PH126500000,436294,452346,888640,44202,44238,42820,39123,38383,38520,36221,30339,25531,22278,20567,17404,13121,9560,6333,4089,3565,46763,46766,45181,41040,40507,40693,36381,31091,26181,23760,21212,18550,13547,9236,5724,3318,2396,90965,91004,88001,80163,78890,79213,72602,61430,51712,46038,41779,35954,26668,18796,12057,7407,5961
2025,PHL,Philippines,PH,REGION XIII (Caraga),PH160000000,Agusan del Norte,PH160200000,379897,395842,775739,40144,38719,36768,36340,33767,32241,30195,24478,19320,17323,16186,14937,12845,10423,7239,4533,4439,42444,39398,36934,36539,39623,38664,33144,26142,20103,17572,15871,14765,12335,9634,6385,3529,2760,82588,78117,73702,72879,73390,70905,63339,50620,39423,34895,32057,29702,25180,20057,13624,8062,7199
2025,PHL,Philippines,PH,REGION XIII (Caraga),PH160000000,Agusan del Sur,PH160300000,368597,393476,762073,46492,41499,37194,35655,37511,32875,28687,21815,16801,14562,13422,12284,10515,7960,5248,3267,2810,49119,44807,40537,35693,36609,34849,32857,26051,19753,16637,15215,13557,10900,7875,4718,2521,1778,95611,86306,77731,71348,74120,67724,61544,47866,36554,31199,28637,25841,21415,15835,9966,5788,4588
2025,PHL,Philippines,PH,REGION XIII (Caraga),PH160000000,Surigao del Norte,PH166700000,282256,293782,576038,29490,29998,29173,24258,22606,22463,21716,18620,15032,13661,12633,11365,9884,7851,5597,3840,4069,31157,31164,30108,26578,26029,25623,23944,19575,15788,14047,12645,11168,9407,7100,4521,2662,2266,60647,61162,59281,50836,48635,48086,45660,38195,30820,27708,25278,22533,19291,14951,10118,6502,6335
2025,PHL,Philippines,PH,REGION XIII (Caraga),PH160000000,Surigao del Sur,PH166800000,312671,329831,642502,35088,34041,31808,28899,26516,26995,24901,18846,15021,13605,12693,12017,10483,8361,5963,3818,3616,37067,34989,32514,30563,30946,31271,28366,21197,16138,14102,12680,11791,10171,7833,5123,2877,2203,72155,69030,64322,59462,57462,58266,53267,40043,31159,27707,25373,23808,20654,16194,11086,6695,5819
